target,best_model,cal_method,USED_FALLBACK,POSTHOC_USED,POSTHOC_A,POSTHOC_B,POSTHOC_GAIN_CALSET_RMSE,N_train,N_test,BASE_MAE,BASE_RMSE,BASE_R2,BASE_CCC,BASE_Bias,BASE_r,CAL_MAE,CAL_RMSE,CAL_R2,CAL_CCC,CAL_Bias,CAL_r,IMPROVE_RMSE,IMPROVE_MAE,tol_minutes
PM2.5,RF,direct,False,True,1.1626524096048183,-8.06365487472947,0.9977177609741066,2266,567,15.288658504928348,18.82781022470885,0.5558559460449845,0.827746489626249,13.42221363292792,0.9173571271376936,7.831248360107504,10.833785693626833,0.8529433363109683,0.9215424520755197,-2.401476638745636,0.9274601861921324,7.994024531082015,7.457410144820844,5
PM10,RF,direct,False,True,1.0676651440443494,-10.483103654264118,0.9915494242592153,2249,563,28.99403127955526,37.28604722937464,-0.033584165411024935,0.6253151767668509,10.751683928859775,0.666839783879776,20.973447313947208,29.326177148538378,0.3606126143781595,0.6158063288833482,-16.108020641681325,0.7464247352018836,7.959870080836261,8.02058396560805,5
CO,RF,direct,False,True,1.5398694296873852,-0.2523059525170255,0.16155860120784102,2266,567,0.8553246562373547,0.9312114314068909,-4.087265580397704,0.05581558244783834,-0.8549623025416676,0.4764986566150659,0.5036634152476738,0.5660677666000727,-0.8798563538064306,0.3326434585987743,0.46036556201699635,0.6185132651902768,0.36514366480681815,0.3516612409896809,5
NO2,RF,direct,False,True,1.2605999150048237,-0.3117127192183229,2.435836411967678,2266,567,22.422499815489232,28.575303692859883,-0.19174633189061985,0.6095165427790047,17.040786995681177,0.7287386344008049,15.845274400863703,19.923556737364557,0.4206568767232629,0.5009209161167197,1.6533206248642491,0.7341569758913151,8.651746955495327,6.577225414625529,5
SO2,RF (fallback->raw),direct,True,False,1.0,0.0,0.0,2248,562,3.5555636435529667,4.955988235231783,-0.055953561680072594,0.1744983605381297,-1.5975601207807613,0.2711124430371239,3.5555636435529667,4.955988235231783,-0.055953561680072594,0.1744983605381297,-1.5975601207807613,0.2711124430371239,0.0,0.0,5
O3,RF (fallback->raw),residual,True,False,1.0,0.0,0.0,2266,567,22.13166980971214,27.34554091541398,0.4528942985557495,0.6105947659561188,-2.215362875415785,0.67703516632277,22.13166980971214,27.34554091541398,0.4528942985557495,0.6105947659561188,-2.215362875415785,0.67703516632277,0.0,0.0,5
